id,first_name,last_name,email,gender,country,age
1,Joann,Shankle,jshankle0@abc.net.au,Female,MX,19
2,Sidnee,Miller,smiller1@rakuten.co.jp,Male,US,50
3,Dotti,Josupeit,djosupeit2@wikispaces.com,Female,MX,25
4,Paolo,Ianizzi,pianizzi3@businessinsider.com,Male,CA,43
5,Xever,O'Carran,xocarran4@weibo.com,Male,US,23
6,Merrill,Filpi,mfilpi5@smugmug.com,Male,MX,18
7,Kellen,Beswell,kbeswell6@japanpost.jp,Female,US,45
8,Jone,Bottrill,jbottrill7@ibm.com,Male,CA,25
9,Gennie,Getsham,ggetsham8@netlog.com,Female,US,51
10,Cherri,Galbraeth,cgalbraeth9@archive.org,Female,MX,42
11,Wat,Reinger,wreingera@eepurl.com,Male,CA,62
12,Nicolis,Maplesden,nmaplesdenb@amazon.co.jp,Male,US,40
13,Drucie,Channon,dchannonc@yellowpages.com,Female,MX,19
14,Madalyn,Ackland,macklandd@ning.com,Female,MX,25
15,Bay,Hupka,bhupkae@umich.edu,Male,MX,56